,"recette","Coulibiac de saumon","# ETAPE 1
* enlever peau et arêtes du saumon
* cuire  épinards
* cuire riz et poisson à la vapeur (25min)

# ÉTAPE 2 :
* Préchauffer le four à 210° C.
* Abaisser la pâte feuilletée comme vous le souhaiter

# ÉTAPE 3 :
* Au centre de la pâte, étaler le mélange riz épinards, puis poser le saumon et parsemer du comté râpé. 
* Refermer la pâte en soudant bien les bords, faire des dessins sur le dessus et dorer la pâte avec un jaune d'œuf 
*faire cuire pendant 30 minutes.

# ÉTAPE 4 :
* Faire la sauce avec la crème, le citron et assaisonner.
*servir chaud tranché et nappé de sauce....

 ","4","120min","[  { ""M"" : {      ""nom"" : { ""S"" : ""Saumon"" },      ""qty"" : { ""S"" : ""400g"" }    }  },  { ""M"" : {      ""nom"" : { ""S"" : ""Epinards"" },      ""qty"" : { ""S"" : ""500g"" }    }  },  { ""M"" : {      ""nom"" : { ""S"" : ""riz"" },      ""qty"" : { ""S"" : ""80g"" }    }  },  { ""M"" : {      ""nom"" : { ""S"" : ""comté râpé"" },      ""qty"" : { ""S"" : ""150g"" }    }  },  { ""M"" : {      ""nom"" : { ""S"" : ""Aneth"" },      ""qty"" : { ""S"" : ""1"" }    }  },  { ""M"" : {      ""nom"" : { ""S"" : ""jaune d'oeuf"" },      ""qty"" : { ""S"" : ""1"" }    }  },  { ""M"" : {      ""nom"" : { ""S"" : ""pâte feuilletée"" },      ""qty"" : { ""S"" : ""2"" }    }  },  { ""M"" : {      ""nom"" : { ""S"" : ""crême fraiche"" },      ""qty"" : { ""S"" : ""pour la sauce"" }    }  },  { ""M"" : {      ""nom"" : { ""S"" : ""citron"" },      ""qty"" : { ""S"" : ""1"" }    }  },  { ""M"" : {      ""nom"" : { ""S"" : ""sucre d'érable"" },      ""qty"" : { ""S"" : ""1 cuillere"" }    }  },  { ""M"" : {      ""nom"" : { ""S"" : ""sel"" },      ""qty"" : { ""S"" : ""1 pincée"" }    }  },  { ""M"" : {      ""nom"" : { ""S"" : ""poivre"" },      ""qty"" : { ""S"" : ""1 pincée"" }    }  },  { ""M"" : {      ""nom"" : { ""S"" : ""paprika"" },      ""qty"" : { ""S"" : ""1 pincée"" }    }  }]"

,"recette","chirashi saumon avocat","","4","50",

,"recette","Tagine de poulet aux raisins","# ETAPE 1
* Faites revenir les morceaux de poulet 5 à 6 min dans l'huile chaude en les retournant sur toutes faces. 
* Ajoutez l'oignon finement haché, la tomate pelée, épépinée et hachée, le gingembre, le safran, les graines de coriandre, sel et poivre. 
* Mouillez avec 20 cl d'eau. 
* Couvrez et faites cuire 30 min sur feu doux en retournant les morceaux de poulet en cours de cuisson.

# ETAPE 2

* Pendant ce temps, incisez la peau des amandes autour de la coque. 
* Cassez délicatement les coques. 
* Sortez les amandes et pincez-les entre le pouce et l'index pour les débarrasser de leur dernière peau. 

# ETAPE 3
* Rincez le raisin blanc et égrappez-le.
* Au bout de 30 min de cuisson, ajoutez les deux raisins, les amandes, le miel et la cannelle. 
* Poursuivez la cuisson 20 min à découvert. 
* En fin de cuisson, parfumez d'eau de fleur d'oranger.
*Servez très chaud parsemé de feuilles de coriandre.

source: https://www.cuisineactuelle.fr/recettes/tagine-de-poulet-aux-raisins-206260","8","1h30","[  { ""M"" : {      ""nom"" : { ""S"" : ""cuisses de poulet"" },      ""qty"" : { ""S"" : ""4"" }    }  },  { ""M"" : {      ""nom"" : { ""S"" : ""Oignons"" },      ""qty"" : { ""S"" : ""2"" }    }  },  { ""M"" : {      ""nom"" : { ""S"" : ""tomates"" },      ""qty"" : { ""S"" : ""1 grosse"" }    }  },  { ""M"" : {      ""nom"" : { ""S"" : ""raisin blanc"" },      ""qty"" : { ""S"" : ""1 grappe"" }    }  },  { ""M"" : {      ""nom"" : { ""S"" : ""Raisins blonds"" },      ""qty"" : { ""S"" : ""80g"" }    }  },  { ""M"" : {      ""nom"" : { ""S"" : ""Miel"" },      ""qty"" : { ""S"" : ""3 cuillère à soupe"" }    }  },  { ""M"" : {      ""nom"" : { ""S"" : ""huile d'olive"" },      ""qty"" : { ""S"" : ""2 cuillère à soupe"" }    }  },  { ""M"" : {      ""nom"" : { ""S"" : ""Gingembre en poudre"" },      ""qty"" : { ""S"" : ""1 pincée"" }    }  },  { ""M"" : {      ""nom"" : { ""S"" : ""Safran"" },      ""qty"" : { ""S"" : ""1 pincée"" }    }  },  { ""M"" : {      ""nom"" : { ""S"" : ""Graines de coriandre"" },      ""qty"" : { ""S"" : ""1 cuillère à café"" }    }  },  { ""M"" : {      ""nom"" : { ""S"" : ""Cannelle"" },      ""qty"" : { ""S"" : ""1 cuillère à café"" }    }  },  { ""M"" : {      ""nom"" : { ""S"" : ""Eau de fleur d'oranger"" },      ""qty"" : { ""S"" : ""1 cuillère à café"" }    }  },  { ""M"" : {      ""nom"" : { ""S"" : ""Brins de coriandre"" },      ""qty"" : { ""S"" : ""5"" }    }  },  { ""M"" : {      ""nom"" : { ""S"" : ""sel"" },      ""qty"" : { ""S"" : ""1 pincée"" }    }  },  { ""M"" : {      ""nom"" : { ""S"" : ""poivre"" },      ""qty"" : { ""S"" : ""1 pincée"" }    }  }]"

,"recette","Soupe lentille corail et carottes","* Pelez et émincez l’oignon.
* Épluchez les carottes, rincez-les et coupez-les en rondelles.
* Faites chauffer l’huile dans une cocotte et faites suer l’oignon avec le curry. 
* Ajoutez les carottes et les lentilles et mélangez. 
* Couvrez d’eau à hauteur, portez à ébullition puis baissez le feu et laissez mijoter environ 20 min.
* Salez, poivrez et mixez le tout. 
* Servir bien chaud avec une touche de crème et quelques feuilles de coriandre","4","30 minutes","[  { ""M"" : {      ""nom"" : { ""S"" : ""lentilles corail"" },      ""qty"" : { ""S"" : ""200g"" }    }  },  { ""M"" : {      ""nom"" : { ""S"" : ""carotte"" },      ""qty"" : { ""S"" : ""3"" }    }  },  { ""M"" : {      ""nom"" : { ""S"" : ""Oignons"" },      ""qty"" : { ""S"" : ""1"" }    }  },  { ""M"" : {      ""nom"" : { ""S"" : ""curry"" },      ""qty"" : { ""S"" : ""1 pincée"" }    }  },  { ""M"" : {      ""nom"" : { ""S"" : ""huile d'olive"" },      ""qty"" : { ""S"" : ""1 cuillère à soupe"" }    }  },  { ""M"" : {      ""nom"" : { ""S"" : ""crème fraîche"" },      ""qty"" : { ""S"" : ""5cl"" }    }  },  { ""M"" : {      ""nom"" : { ""S"" : ""sel"" },      ""qty"" : { ""S"" : ""1 pincée"" }    }  },  { ""M"" : {      ""nom"" : { ""S"" : ""poivre"" },      ""qty"" : { ""S"" : ""1 pincée"" }    }  },  { ""M"" : {      ""nom"" : { ""S"" : ""coriandre"" },      ""qty"" : { ""S"" : ""quelques feuilles (option)"" }    }  }]"

,"recette","Mousse au chocolat","# ETAPE1
* Faire fondre le chocolat cassé en petits morceaux au bain-marie ou à feu doux.
* Lorsqu'il est complètement fondu, remuer délicatement pour obtenir une pâte lisse. Retirez du feu et laissez tiédir.
* Casser les œufs en séparant les jaunes des blancs. 
* Ajouter le sel dans les blancs et battez-les en neige très ferme.
* Verser peu à peu le chocolat fondu sur les jaunes d'œufs en mélangeant énergiquement.
* Incorporer délicatement avec une spatule 1/3 des blancs d'œufs battus puis ajouter le reste progressivement en soulevant la préparation de bas en haut pour bien répartir le chocolat sans faire tomber les blancs.
* Répartisser dans 6 verrines.
* Faire prendre la mousse au chocolat 3 heures minimum au réfrigérateur. 
* Servir bien frais.","8","3h30","[  { ""M"" : {      ""nom"" : { ""S"" : ""Chocolat "" },      ""qty"" : { ""S"" : ""200g"" }    }  },  { ""M"" : {      ""nom"" : { ""S"" : ""oeufs"" },      ""qty"" : { ""S"" : ""6"" }    }  },  { ""M"" : {      ""nom"" : { ""S"" : ""sel"" },      ""qty"" : { ""S"" : ""1 pincée"" }    }  }]"

,"recette","Burger d'agneau et patates douces","# ÉTAPE 1 :
* Enlever le maximum de gras de la viande et la passer au hachoir.
* Éplucher l'ail et les oignons nouveaux.
* Hacher les oignons, le persil, la coriandre et l'ail.
* Incorporer à la viande avec les différentes épices, le sel et le poivre.
* Couper le poivron mariné en petits dés et l'incorporer au mélange précédent.
* Former des steaks.

# ÉTAPE 2 :
* Éplucher la patate douce et la couper en frites.
* Dans une poêle, chauffer de l'huile de pépins de raisins et faire cuire les frites de patates douces. Assaisonner.

# ÉTAPE 3 :
* Préparer la sauce en mélangeant les différents ingrédients:
  * 1 c à s d'huile d'olive
  * Sel
  * Poivre
  * 1 gousse d'ail
  * Le jus d'1/2 citron
  * Menthe ciselée
  * Le zeste d'1 citron
  *1 yaourt bulgare


# ÉTAPE 4 :
* Dans une autre poêle, cuire pendant 5 minutes de chaque côté les steaks d'agneau.
* Pendant ce temps, réchauffer les pains emballés dans du papier aluminium pendant quelques minutes dans un four à 90°.

# ÉTAPE 5 :
* Monter les burgers. Garnir le fond d'un peu de salade, déposer un steak, une tomate séchée, un peu de sauce, et servir avec quelques frites de patate douce.","4","45min","[  { ""M"" : {      ""nom"" : { ""S"" : ""curcuma"" },      ""qty"" : { ""S"" : ""2 c à c"" }    }  },  { ""M"" : {      ""nom"" : { ""S"" : ""cumin"" },      ""qty"" : { ""S"" : ""2 c à c"" }    }  },  { ""M"" : {      ""nom"" : { ""S"" : ""coriandre moulue"" },      ""qty"" : { ""S"" : ""2 c à c"" }    }  },  { ""M"" : {      ""nom"" : { ""S"" : ""moutarde à l'ancienne"" },      ""qty"" : { ""S"" : ""1 c à c"" }    }  },  { ""M"" : {      ""nom"" : { ""S"" : ""patates douces"" },      ""qty"" : { ""S"" : ""400g"" }    }  },  { ""M"" : {      ""nom"" : { ""S"" : ""huile de pépin de raisin"" },      ""qty"" : { ""S"" : """" }    }  },  { ""M"" : {      ""nom"" : { ""S"" : ""sel"" },      ""qty"" : { ""S"" : """" }    }  },  { ""M"" : {      ""nom"" : { ""S"" : ""poivre"" },      ""qty"" : { ""S"" : """" }    }  },  { ""M"" : {      ""nom"" : { ""S"" : ""curry"" },      ""qty"" : { ""S"" : ""2 c à c"" }    }  },  { ""M"" : {      ""nom"" : { ""S"" : ""pain hamburger"" },      ""qty"" : { ""S"" : ""4"" }    }  },  { ""M"" : {      ""nom"" : { ""S"" : ""ail"" },      ""qty"" : { ""S"" : ""2 gousses"" }    }  },  { ""M"" : {      ""nom"" : { ""S"" : ""spring onions"" },      ""qty"" : { ""S"" : ""4"" }    }  },  { ""M"" : {      ""nom"" : { ""S"" : ""salade"" },      ""qty"" : { ""S"" : ""batavia ou roquette"" }    }  },  { ""M"" : {      ""nom"" : { ""S"" : ""poivron mariné"" },      ""qty"" : { ""S"" : ""1"" }    }  },  { ""M"" : {      ""nom"" : { ""S"" : ""coriandre"" },      ""qty"" : { ""S"" : ""1 botte"" }    }  },  { ""M"" : {      ""nom"" : { ""S"" : ""persil"" },      ""qty"" : { ""S"" : ""1 botte"" }    }  },  { ""M"" : {      ""nom"" : { ""S"" : ""agneau"" },      ""qty"" : { ""S"" : ""600g épaule agneau désossée"" }    }  },  { ""M"" : {      ""nom"" : { ""S"" : ""huile d'olive"" },      ""qty"" : { ""S"" : ""1 cuillère à soupe"" }    }  },  { ""M"" : {      ""nom"" : { ""S"" : ""citron"" },      ""qty"" : { ""S"" : ""1"" }    }  },  { ""M"" : {      ""nom"" : { ""S"" : ""menthe"" },      ""qty"" : { ""S"" : ""quelques feuilles"" }    }  },  { ""M"" : {      ""nom"" : { ""S"" : ""yaourt grec"" },      ""qty"" : { ""S"" : ""1"" }    }  }]"

,"recette","Ramen au poulet","https://www.cuisineaz.com/recettes/ramen-au-poulet-105611.aspx","4","40",

,"recette","Pate brisée","* faire fondre le beurre
*  mélanger farine, eau, beurre et sel
* faire reposer 2h au frigo
* diviser en 7 boules
","7","120min","[  { ""M"" : {      ""nom"" : { ""S"" : ""farine"" },      ""qty"" : { ""S"" : ""1kg"" }    }  },  { ""M"" : {      ""nom"" : { ""S"" : ""sel"" },      ""qty"" : { ""S"" : ""1 pincée"" }    }  },  { ""M"" : {      ""nom"" : { ""S"" : ""eau"" },      ""qty"" : { ""S"" : ""500ml"" }    }  },  { ""M"" : {      ""nom"" : { ""S"" : ""beurre"" },      ""qty"" : { ""S"" : ""500g"" }    }  }]"

,"recette","Gauffres","Préparer levure

Fondre le beurre

Mélanger et laisser monter","4","60","[  { ""M"" : {      ""nom"" : { ""S"" : ""Farine"" },      ""qty"" : { ""S"" : ""500g"" }    }  },  { ""M"" : {      ""nom"" : { ""S"" : ""Oeufs"" },      ""qty"" : { ""S"" : ""5"" }    }  },  { ""M"" : {      ""nom"" : { ""S"" : ""Sucre vanillé"" },      ""qty"" : { ""S"" : ""1 sachet"" }    }  },  { ""M"" : {      ""nom"" : { ""S"" : ""Lait"" },      ""qty"" : { ""S"" : ""650ml"" }    }  },  { ""M"" : {      ""nom"" : { ""S"" : ""Carré de levure"" },      ""qty"" : { ""S"" : ""1"" }    }  },  { ""M"" : {      ""nom"" : { ""S"" : ""Beurre"" },      ""qty"" : { ""S"" : ""200g"" }    }  }]"

,"recette","Sauce BBQ maison","* Pelez et émincez l'oignon et l'ail. Faites-les revenir dans l'huile d'olive.
* Lorsqu'ils sont bien fondants, ajoutez le reste des ingrédients 
*  laissez cuire à feu doux pendant 1h en remuant de temps en temps.

","4","70","[  { ""M"" : {      ""nom"" : { ""S"" : ""oignon"" },      ""qty"" : { ""S"" : ""1"" }    }  },  { ""M"" : {      ""nom"" : { ""S"" : ""ail"" },      ""qty"" : { ""S"" : ""1 gousse"" }    }  },  { ""M"" : {      ""nom"" : { ""S"" : ""ketchup"" },      ""qty"" : { ""S"" : ""20cl"" }    }  },  { ""M"" : {      ""nom"" : { ""S"" : ""worcestershire sauce"" },      ""qty"" : { ""S"" : ""50g"" }    }  },  { ""M"" : {      ""nom"" : { ""S"" : ""cassonade"" },      ""qty"" : { ""S"" : ""100g"" }    }  },  { ""M"" : {      ""nom"" : { ""S"" : ""miel"" },      ""qty"" : { ""S"" : ""100g"" }    }  },  { ""M"" : {      ""nom"" : { ""S"" : ""paprika"" },      ""qty"" : { ""S"" : ""3 cuillères à soupe"" }    }  },  { ""M"" : {      ""nom"" : { ""S"" : ""piment de cayenne"" },      ""qty"" : { ""S"" : ""1 cuillère à café"" }    }  },  { ""M"" : {      ""nom"" : { ""S"" : ""huile d'olive"" },      ""qty"" : { ""S"" : ""1 cuillère à soupe"" }    }  }]"

,"recette","Houmous","* vider le jus des pois chiches
* mixer les pois chiches
* ajouter du lait pour rendre plus onctueux
* ajouter herbes aromatique hachées, sel, poivre
* mettre dans un bol et décorer d'huile d'olive et de paprika
","6","15mn","[  { ""M"" : {      ""nom"" : { ""S"" : ""pois chiche"" },      ""qty"" : { ""S"" : ""1 boite"" }    }  },  { ""M"" : {      ""nom"" : { ""S"" : ""citron"" },      ""qty"" : { ""S"" : ""1 "" }    }  },  { ""M"" : {      ""nom"" : { ""S"" : ""lait"" },      ""qty"" : { ""S"" : ""1 verre"" }    }  },  { ""M"" : {      ""nom"" : { ""S"" : ""herbes aromatiques"" },      ""qty"" : { ""S"" : ""coriandre, ciboulette ou persil"" }    }  },  { ""M"" : {      ""nom"" : { ""S"" : ""ail"" },      ""qty"" : { ""S"" : ""1 éclat"" }    }  }]"

,"recette","curry d'agneau","1. Mélanger les épices dans un bol.
2. Couper la viande en morceaux et la faire revenir quelques minutes dans de l'huile. La réserver.
3. Faire revenir 3 min à petit feu l'oignon émincé et la pomme épluchée et finement hachée.
4. Ajouter les tomates en petits morceaux pelées et épépinées.
Rajouter le bol d'épices, le bol de lait et la viande. Saler. 
5. Laisser mijoter 45 min à petit feu.
6. Servir avec du riz.


source https://www.marmiton.org/recettes/recette_curry-d-agneau-facile_14030.aspx","4","60mn","[  { ""M"" : {      ""nom"" : { ""S"" : ""agneau"" },      ""qty"" : { ""S"" : ""1 épaule d'agneau"" }    }  },  { ""M"" : {      ""nom"" : { ""S"" : ""tomates"" },      ""qty"" : { ""S"" : ""2"" }    }  },  { ""M"" : {      ""nom"" : { ""S"" : ""Oignons"" },      ""qty"" : { ""S"" : ""1"" }    }  },  { ""M"" : {      ""nom"" : { ""S"" : ""pomme "" },      ""qty"" : { ""S"" : ""1"" }    }  },  { ""M"" : {      ""nom"" : { ""S"" : ""lait"" },      ""qty"" : { ""S"" : ""1 bol"" }    }  },  { ""M"" : {      ""nom"" : { ""S"" : ""curry"" },      ""qty"" : { ""S"" : ""1 cuillère à soupe "" }    }  },  { ""M"" : {      ""nom"" : { ""S"" : ""Gingembre en poudre"" },      ""qty"" : { ""S"" : ""1 cuillère à café"" }    }  },  { ""M"" : {      ""nom"" : { ""S"" : ""Safran"" },      ""qty"" : { ""S"" : ""1 pincée"" }    }  }]"

,"recette","Dos de cabillaud et son crumble de chorizo au parmesan","1. Préchauffer le four à 200°C (thermostat 6-7).
2.Mixer le chorizo.
3.Dans un saladier, mélanger le chorizo avec le parmesan et la chapelure. Ajouter le beurre ramolli et mélanger du bout des doigts.
4.Déposer les dos de cabillaud dans un plat allant au four et couvrir de crumble au chorizo.
5.Enfourner 15 minutes.","4","45","[  { ""M"" : {      ""nom"" : { ""S"" : ""cabillaud"" },      ""qty"" : { ""S"" : ""dos 600g"" }    }  },  { ""M"" : {      ""nom"" : { ""S"" : ""chorizo"" },      ""qty"" : { ""S"" : ""1 moitié"" }    }  },  { ""M"" : {      ""nom"" : { ""S"" : ""beurre"" },      ""qty"" : { ""S"" : ""15g"" }    }  },  { ""M"" : {      ""nom"" : { ""S"" : ""chapelure"" },      ""qty"" : { ""S"" : ""2 à 3 tranches de pain"" }    }  },  { ""M"" : {      ""nom"" : { ""S"" : ""parmesan"" },      ""qty"" : { ""S"" : ""2 cuillères à soupe"" }    }  }]"

,"recette","Effiloché de porc","* Préchauffez le four ou le barbecue à 160°C (th. 5-6)
* Préparez la sauce barbecue : mélangez tous les ingrédients.
* Faites chauffer votre huile dans la cocotte et colorer la viande sur toutes ses faces. 
* Epluchez et émincez les oignons. Ajoutez-les à la cocotte. Mélangez.
* Ajoutez de sauce barbecue, versez 2 verres d’eau et couvrez.

* Enfournez pour 3 h de cuisson en retournant la viande à mi-cuisson.

* Sortez la cocotte du four, effilochez la viande à l’aide d’une fourchette et mélangez-la bien à la sauce barbecue. 

* Servez avec des frites maison ou des pommes de terre cuites au barbecue.",,,"[  { ""M"" : {      ""nom"" : { ""S"" : ""échine de porc"" },      ""qty"" : { ""S"" : ""1.8kg"" }    }  },  { ""M"" : {      ""nom"" : { ""S"" : ""oignons rouges"" },      ""qty"" : { ""S"" : ""2"" }    }  },  { ""M"" : {      ""nom"" : { ""S"" : ""Huile de tournesol"" },      ""qty"" : { ""S"" : """" }    }  },  { ""M"" : {      ""nom"" : { ""S"" : ""Sel et Poivre"" },      ""qty"" : { ""S"" : """" }    }  },  { ""M"" : {      ""nom"" : { ""S"" : ""Ketchup"" },      ""qty"" : { ""S"" : """" }    }  },  { ""M"" : {      ""nom"" : { ""S"" : ""paprika"" },      ""qty"" : { ""S"" : ""1 cuil. à café"" }    }  },  { ""M"" : {      ""nom"" : { ""S"" : ""moutarde"" },      ""qty"" : { ""S"" : ""1 cuil. à soupe"" }    }  },  { ""M"" : {      ""nom"" : { ""S"" : ""vinaigre de vin"" },      ""qty"" : { ""S"" : ""5cl"" }    }  },  { ""M"" : {      ""nom"" : { ""S"" : ""sauce Worcestershire"" },      ""qty"" : { ""S"" : ""10cl"" }    }  }]"

,"recette","Rôti de porc au miel et aux pommes","1. Mettre le rôti dans un plat (type pyrex ou porcelaine à feu),
l'enduire de miel, le saler et le poivrer.
2. Laver les pommes et les couper en quartier. Conserver la peau. Les dresser autour du roti.
3. Emincer finement l'échalote et la parsemer tout autour du rôti.
4. Ajouter la poignée de raisins secs et saupoudrer de cannelle.
5. Mouiller avec 15cl d'eau et enfourner à thermostat 7(210degres pendant une heure et quart.
6.Servir bien chaud, accompagné des pommes et de la sauce aux raisins.","4","75mn","[  { ""M"" : {      ""nom"" : { ""S"" : ""roti de  porc"" },      ""qty"" : { ""S"" : ""1kg"" }    }  },  { ""M"" : {      ""nom"" : { ""S"" : ""pommes"" },      ""qty"" : { ""S"" : ""4"" }    }  },  { ""M"" : {      ""nom"" : { ""S"" : ""miel"" },      ""qty"" : { ""S"" : ""2 cuillères à soupe"" }    }  },  { ""M"" : {      ""nom"" : { ""S"" : ""échalottes"" },      ""qty"" : { ""S"" : ""1"" }    }  },  { ""M"" : {      ""nom"" : { ""S"" : ""raisins secs"" },      ""qty"" : { ""S"" : ""1 poignée"" }    }  },  { ""M"" : {      ""nom"" : { ""S"" : ""poivre"" },      ""qty"" : { ""S"" : ""1 pincée"" }    }  },  { ""M"" : {      ""nom"" : { ""S"" : ""sel"" },      ""qty"" : { ""S"" : ""1 pincée"" }    }  },  { ""M"" : {      ""nom"" : { ""S"" : ""canelle"" },      ""qty"" : { ""S"" : ""1 pincée"" }    }  }]"

,"recette","Truite au four","* Préchauffez votre four à 150 °C. Ciselez finement les oignons nouveaux et le persil.
* Dans un grand plat allant au four, déposez les rondelles d'oignons nouveaux, et versez le vin blanc
* Déposez les citrons coupés en fines lamelles autour et sur la truite. Salez, poivrez.
* Enfournez pour 30 min. Au bout de 15 min de cuisson, retournez la truite pour qu'elle cuise aussi sur l'autre face
* Servez bien chaud avec un riz parfumé et le même vin blanc que celui qui a servi pour la cuisson.
<i> source  https://www.cuisineactuelle.fr/recettes/truite-au-four-242663#</i>
","4","40","[  { ""M"" : {      ""nom"" : { ""S"" : ""truite"" },      ""qty"" : { ""S"" : ""4"" }    }  },  { ""M"" : {      ""nom"" : { ""S"" : ""Oignons"" },      ""qty"" : { ""S"" : ""4"" }    }  },  { ""M"" : {      ""nom"" : { ""S"" : ""persil"" },      ""qty"" : { ""S"" : ""1 bouquet"" }    }  },  { ""M"" : {      ""nom"" : { ""S"" : ""citron"" },      ""qty"" : { ""S"" : ""2"" }    }  },  { ""M"" : {      ""nom"" : { ""S"" : ""huile d'olive"" },      ""qty"" : { ""S"" : ""1 cuillère"" }    }  },  { ""M"" : {      ""nom"" : { ""S"" : ""vin blanc"" },      ""qty"" : { ""S"" : ""10cl"" }    }  },  { ""M"" : {      ""nom"" : { ""S"" : ""sel"" },      ""qty"" : { ""S"" : ""1 pincée"" }    }  },  { ""M"" : {      ""nom"" : { ""S"" : ""poivre"" },      ""qty"" : { ""S"" : ""1 pincée"" }    }  }]"

,"recette","Lotte et sa sauce inratable","# Pour la sauce inratable :
* Mettre 10g de beurre dans une petite cocote, dès que le beurre commence à fondre ajouter des échalotes finement hachées,
et faire revenir le tout pendant 3-4 minutes.
*  Ajouter 1 bouillon de cube de poisson, mijoter les ingrédients ajoutés pendant 3-4 minutes. 
* Verser 12 cl de vin blanc et laisser évaporer pendant 4-5 minutes. 
* Ajouter la crème fraîche jusqu’à avoir une consistance nappante.

# Cuisson 
* Préchauffer une cocotte et verser 1 filet de l’huile d’olive. 
* Faire saler les petits pavés de lotte et poser les dans la cocote bien chaude. 
* Faire dorer à feu un peu vif les pavés de lotte pendant 1 minute de chaque côté.

* Verser la sauce dans la cocotte avec les pavés. 

* Couvrir la cocote avec un couvercle et la sortir du feu.
Laisser se terminer la cuisson avec l’inertie de la chaleur.


source
https://www.pavillonfrance.fr/recettes-astuces-du-large/recettes-du-large/lotte-sa-sauce-inratable",,,"[  { ""M"" : {      ""nom"" : { ""S"" : ""echalottes"" },      ""qty"" : { ""S"" : ""2"" }    }  },  { ""M"" : {      ""nom"" : { ""S"" : ""vin blanc sec"" },      ""qty"" : { ""S"" : ""12cl"" }    }  },  { ""M"" : {      ""nom"" : { ""S"" : ""crème fraiche"" },      ""qty"" : { ""S"" : ""10cl"" }    }  },  { ""M"" : {      ""nom"" : { ""S"" : ""bouillon de poisson"" },      ""qty"" : { ""S"" : ""1/2 cube"" }    }  },  { ""M"" : {      ""nom"" : { ""S"" : ""lotte"" },      ""qty"" : { ""S"" : ""600 à 800g de filet"" }    }  },  { ""M"" : {      ""nom"" : { ""S"" : ""huile d'olive"" },      ""qty"" : { ""S"" : ""1 cuillère à soupe"" }    }  },  { ""M"" : {      ""nom"" : { ""S"" : ""beurre"" },      ""qty"" : { ""S"" : ""15g"" }    }  },  { ""M"" : {      ""nom"" : { ""S"" : ""sel"" },      ""qty"" : { ""S"" : ""1 pincée"" }    }  }]"

,"recette","Dinde au maroille","* éplucher les pommes de terre pour les cuire à l'eau/vapeur
* couper des tranches de maroille et les disposer dans les escalopes pour faire des boudins
* paner les escalopes de dinde avec l'oeuf et la chapelure
* nettoyer les endives  et l'oignon
* Emincer l'oignon

# Cuisson
* Cuire la dinde à la poele
* Braiser les endives (oignon/cassonade/ail)

","4","60min","[  { ""M"" : {      ""nom"" : { ""S"" : ""dinde"" },      ""qty"" : { ""S"" : ""400g"" }    }  },  { ""M"" : {      ""nom"" : { ""S"" : ""sel"" },      ""qty"" : { ""S"" : ""1 pincée"" }    }  },  { ""M"" : {      ""nom"" : { ""S"" : ""poivre"" },      ""qty"" : { ""S"" : ""1 pincée"" }    }  },  { ""M"" : {      ""nom"" : { ""S"" : ""endives"" },      ""qty"" : { ""S"" : ""4"" }    }  },  { ""M"" : {      ""nom"" : { ""S"" : ""maroille"" },      ""qty"" : { ""S"" : ""1 demi bien fait"" }    }  },  { ""M"" : {      ""nom"" : { ""S"" : ""crème fraîche"" },      ""qty"" : { ""S"" : ""20cl"" }    }  },  { ""M"" : {      ""nom"" : { ""S"" : ""Oignons"" },      ""qty"" : { ""S"" : ""1"" }    }  },  { ""M"" : {      ""nom"" : { ""S"" : ""cassonade"" },      ""qty"" : { ""S"" : ""1 cuillère"" }    }  },  { ""M"" : {      ""nom"" : { ""S"" : ""oeufs"" },      ""qty"" : { ""S"" : ""1"" }    }  },  { ""M"" : {      ""nom"" : { ""S"" : ""chapelure"" },      ""qty"" : { ""S"" : ""4 à 5 tranches de pain"" }    }  },  { ""M"" : {      ""nom"" : { ""S"" : ""pommes de terre"" },      ""qty"" : { ""S"" : ""8"" }    }  }]"

,"recette","Salade Quinoa","* 100g de quinoa
* 1/2 courgette de taille moyenne (ou plus…ou moins selon vos goûts…)
* 2 poignées de tomates cerise bien mûres (ou plus…ou moins selon vos goûts…)
* 1/3 de poivron (ou plus…ou moins selon vos goûts…)
* 80g de feta (ou plus…ou moins selon vos goûts…)
* 1 cuil. à s. d’olives noires ou violette
* Aromates : au moins 2 belles cuillères à café d’Assaisonnement spécial Salades de La Cuisine des Epices
* Une belle échalote ciselée
* vinaigrette : moutarde, vinaigre de vin, huile classique

* Faire cuire votre quinoa (préalablement rincé) comme vous avez l’habitude. Le faire égoutter tranquillement.
* Couper en petits cubes les ingrédients 
* Assaisonnez votre salade à votre convenance. ","4","30",

,"recette","Riz Cantonais","#Préparation
* cuire le riz
* éplucher et couper la carotte en petits dés
* préparer une omelette et la couper en dés

# Assemblage
*faire revenir le jambon et les springs onions dans une poele
* Ajouter ensuite les petits pois, omelette et enfin le riz cuit et égoutté
* mélanger en faisant sauter afin que le riz n'accroche pas à la poêle. 
*Ajouter un peu de sauce soja et mélanger.","4","40minutes","[  { ""M"" : {      ""nom"" : { ""S"" : ""riz"" },      ""qty"" : { ""S"" : ""200g"" }    }  },  { ""M"" : {      ""nom"" : { ""S"" : ""jambon"" },      ""qty"" : { ""S"" : ""200g de dés de jambon"" }    }  },  { ""M"" : {      ""nom"" : { ""S"" : ""petits pois"" },      ""qty"" : { ""S"" : ""100g"" }    }  },  { ""M"" : {      ""nom"" : { ""S"" : ""carotte"" },      ""qty"" : { ""S"" : ""2"" }    }  },  { ""M"" : {      ""nom"" : { ""S"" : ""oeufs"" },      ""qty"" : { ""S"" : ""4"" }    }  },  { ""M"" : {      ""nom"" : { ""S"" : ""huile d'olive"" },      ""qty"" : { ""S"" : ""1 cuillère à soupe"" }    }  },  { ""M"" : {      ""nom"" : { ""S"" : ""sel"" },      ""qty"" : { ""S"" : ""1 pincée"" }    }  },  { ""M"" : {      ""nom"" : { ""S"" : ""poivre"" },      ""qty"" : { ""S"" : ""1 pincée"" }    }  },  { ""M"" : {      ""nom"" : { ""S"" : ""sauce soja"" },      ""qty"" : { ""S"" : """" }    }  },  { ""M"" : {      ""nom"" : { ""S"" : ""spring onions"" },      ""qty"" : { ""S"" : ""jeunes échalottes"" }    }  }]"

,"recette","Pate levée","Pour faire 2 tartes.

* Faire fondre le beurre
* Préparer la levure avec le sucre et la moitié de l'eau tiède
* Mélanger
* vérifier la texture qui doit être légèrement collante
*ajuster en farine/eau si besoin
# Cuisson
160 °C pendant 30 minutes 




","4","45min","[  { ""M"" : {      ""nom"" : { ""S"" : ""farine"" },      ""qty"" : { ""S"" : ""400g"" }    }  },  { ""M"" : {      ""nom"" : { ""S"" : ""oeufs"" },      ""qty"" : { ""S"" : ""2 ou 3"" }    }  },  { ""M"" : {      ""nom"" : { ""S"" : ""sucre "" },      ""qty"" : { ""S"" : ""2 morceaux"" }    }  },  { ""M"" : {      ""nom"" : { ""S"" : ""carré de levure"" },      ""qty"" : { ""S"" : ""1"" }    }  },  { ""M"" : {      ""nom"" : { ""S"" : ""eau"" },      ""qty"" : { ""S"" : ""200ml"" }    }  },  { ""M"" : {      ""nom"" : { ""S"" : ""beurre"" },      ""qty"" : { ""S"" : ""60g"" }    }  },  { ""M"" : {      ""nom"" : { ""S"" : ""sel"" },      ""qty"" : { ""S"" : ""1 pincée"" }    }  }]"

,"recette","Cheese scones salés","# Pour faire 10 petits scones
* faire préchauffer le four à 200°C
* Mélanger les ingrédients ensemble
* étaler sur le plan de travail et découper les scones (2cm épaisseur)
* saupoudrer de fromage râpé
* cuire pendant 12 minutes

# Service
* couper en deux et servir chaux avec du beurre
","4","30min","[  { ""M"" : {      ""nom"" : { ""S"" : ""self raising flour"" },      ""qty"" : { ""S"" : ""150g"" }    }  },  { ""M"" : {      ""nom"" : { ""S"" : ""yaourt nature"" },      ""qty"" : { ""S"" : ""125g"" }    }  },  { ""M"" : {      ""nom"" : { ""S"" : ""sel"" },      ""qty"" : { ""S"" : ""1 pincée"" }    }  },  { ""M"" : {      ""nom"" : { ""S"" : ""fromage rapé"" },      ""qty"" : { ""S"" : ""30g"" }    }  }]"

,"recette","Pâtes courgette ricotta","# ETAPE 1 
* faire revenir les échalottes et les courgettes tranchées finement (8minutes)
* ajouter l'ail haché finement et faire revenir 2minutes
* faire cuire les pates et reserver un peu d'eau de cuisson.

# ETAPE 2
* faire légèrement griller les pignons de pin
* mélanger courgettes, pâtes, basilic, sel poivre, zeste de citron et pignons de pin dans une poêle.
* saupoudrer de parmesan et melanger doucement la ricotta (sans la déméler complètement)


","4","40 minutes","[  { ""M"" : {      ""nom"" : { ""S"" : ""huile d'olive"" },      ""qty"" : { ""S"" : ""2 cuillères à soupe"" }    }  },  { ""M"" : {      ""nom"" : { ""S"" : ""échalottes"" },      ""qty"" : { ""S"" : ""1"" }    }  },  { ""M"" : {      ""nom"" : { ""S"" : ""courgettes"" },      ""qty"" : { ""S"" : ""4"" }    }  },  { ""M"" : {      ""nom"" : { ""S"" : ""pâtes"" },      ""qty"" : { ""S"" : ""300g"" }    }  },  { ""M"" : {      ""nom"" : { ""S"" : ""basilic"" },      ""qty"" : { ""S"" : ""une dizaine de feuille"" }    }  },  { ""M"" : {      ""nom"" : { ""S"" : ""citron"" },      ""qty"" : { ""S"" : ""1 zeste"" }    }  },  { ""M"" : {      ""nom"" : { ""S"" : ""parmesan"" },      ""qty"" : { ""S"" : ""50g rapé"" }    }  },  { ""M"" : {      ""nom"" : { ""S"" : ""pignons de pin"" },      ""qty"" : { ""S"" : ""50g"" }    }  },  { ""M"" : {      ""nom"" : { ""S"" : ""ricotta"" },      ""qty"" : { ""S"" : ""250g"" }    }  }]"

,"recette","Galette quinoa courgettes","https://www.google.com/amp/s/amp.750g.com/galettes-au-quinoa-et-courgettes-r201005.htm

# ÉTAPE 1 :
* Râpez les courgettes, mettez-les dans une passoire avec 1/2 c. à café de sel. Laissez reposer 10 minutes pour les faire dégorger puis essorez-les. En attendant, mélangez l'eau et le quinoa dans une petite casserole, portez à ébullition et laissez cuire pendant 10 minutes. 
* Hors du feu, égrainez le quinoa avec une fourchette et laissez reposer dix minutes.

# ÉTAPE 2 :
* Versez le quinoa dans un saladier. Ajoutez les courgettes râpées. :
* Pelez la gousse d'ail puis pressez-la au dessus du bol. 
* Ajoutez l'oeuf.
* Ajoutez l'origan.
* Ajoutez la chapelure.
* Ajoutez le parmesan râpé.

# ÉTAPE 3 :
* Assaisonnez avec du sel et du poivre, mélangez bien, puis formez des galettes.

# ÉTAPE 4 :
* Faites chauffer l'huile dans une pôele, ajoutez les galettes et faites-les dorer 2 minutes par face
* Retournez-les et faites-les dorer deux minutes de l'autre coté. 
Servez les galettes avec la sauce au yaourt que vous autres préparée en mélangeant 2 yaourts, du sel et du poivre. ","4","40min","[  { ""M"" : {      ""nom"" : { ""S"" : ""courgettes"" },      ""qty"" : { ""S"" : ""2"" }    }  },  { ""M"" : {      ""nom"" : { ""S"" : ""quinoa"" },      ""qty"" : { ""S"" : ""125g"" }    }  },  { ""M"" : {      ""nom"" : { ""S"" : ""parmesan"" },      ""qty"" : { ""S"" : ""100g rapé"" }    }  },  { ""M"" : {      ""nom"" : { ""S"" : ""chapelure"" },      ""qty"" : { ""S"" : ""50g"" }    }  },  { ""M"" : {      ""nom"" : { ""S"" : ""eau"" },      ""qty"" : { ""S"" : ""30cl"" }    }  },  { ""M"" : {      ""nom"" : { ""S"" : ""oeufs"" },      ""qty"" : { ""S"" : ""1"" }    }  },  { ""M"" : {      ""nom"" : { ""S"" : ""ail"" },      ""qty"" : { ""S"" : ""1 gousse"" }    }  },  { ""M"" : {      ""nom"" : { ""S"" : ""origan"" },      ""qty"" : { ""S"" : ""0,5 cuillère à café"" }    }  },  { ""M"" : {      ""nom"" : { ""S"" : ""sel"" },      ""qty"" : { ""S"" : ""1 pincée"" }    }  },  { ""M"" : {      ""nom"" : { ""S"" : ""poivre"" },      ""qty"" : { ""S"" : ""1 pincée"" }    }  },  { ""M"" : {      ""nom"" : { ""S"" : ""yaourts"" },      ""qty"" : { ""S"" : ""2 grecs"" }    }  }]"

,"recette","Sauté de dinde au curry","
* Pelez et émincez l'oignon. Faites-le suer dans une cocotte avec l'huile d'olive.
* Ajoutez la viande et faites-la dorer sur toutes ses faces. Saupoudrez de curry et mélangez.
* Versez le yaourt et mélangez à nouveau.
* Ajoutez les dés de tomate, salez, poivrez.
* Laissez mijoter à couvert pendant au moins 45 min sur feu doux.
* Servez avec un bol de riz basmati.

source :https://www.femmeactuelle.fr/cuisine/recettes/plat/recette-du-saute-de-dinde-au-curry-15264
","6","70min","[  { ""M"" : {      ""nom"" : { ""S"" : ""sel"" },      ""qty"" : { ""S"" : ""1"" }    }  },  { ""M"" : {      ""nom"" : { ""S"" : ""dinde"" },      ""qty"" : { ""S"" : ""1kg de Sauté"" }    }  },  { ""M"" : {      ""nom"" : { ""S"" : ""concassée de tomates"" },      ""qty"" : { ""S"" : ""1 boîte"" }    }  },  { ""M"" : {      ""nom"" : { ""S"" : ""Oignons"" },      ""qty"" : { ""S"" : ""1"" }    }  },  { ""M"" : {      ""nom"" : { ""S"" : ""yaourt nature"" },      ""qty"" : { ""S"" : ""1"" }    }  },  { ""M"" : {      ""nom"" : { ""S"" : ""curry"" },      ""qty"" : { ""S"" : ""2 cuillères à café"" }    }  },  { ""M"" : {      ""nom"" : { ""S"" : ""huile d'olive"" },      ""qty"" : { ""S"" : ""2 cuillères à café"" }    }  },  { ""M"" : {      ""nom"" : { ""S"" : ""poivre"" },      ""qty"" : { ""S"" : ""1 pincée"" }    }  }]"

,"recette","Soupe d'asperges","* Peler et débiter les asperges en tronçon
* Peler et débiter les pommes de terre en morceau
* Faire frémir l'eau et ajouter pommes de terre, laurier, thym, asperges, sel
* Cuire à feu doux pendant 30minutes
* Retirer thym et laurier
* Mixer et passer au tamis pour ôter les fibres
* Incorporer crème fraiche et jaune d'oeuf
* ervir bien chaud","2","40 minutes","[  { ""M"" : {      ""nom"" : { ""S"" : ""asperges"" },      ""qty"" : { ""S"" : ""200g"" }    }  },  { ""M"" : {      ""nom"" : { ""S"" : ""pommes de terre"" },      ""qty"" : { ""S"" : ""1"" }    }  },  { ""M"" : {      ""nom"" : { ""S"" : ""laurier"" },      ""qty"" : { ""S"" : ""1 feuille"" }    }  },  { ""M"" : {      ""nom"" : { ""S"" : ""thym"" },      ""qty"" : { ""S"" : ""1 branche"" }    }  },  { ""M"" : {      ""nom"" : { ""S"" : ""sel"" },      ""qty"" : { ""S"" : """" }    }  },  { ""M"" : {      ""nom"" : { ""S"" : ""crème fraîche"" },      ""qty"" : { ""S"" : ""5cl"" }    }  },  { ""M"" : {      ""nom"" : { ""S"" : ""eau"" },      ""qty"" : { ""S"" : ""500ml"" }    }  }]"

,"recette","Lasagne au saumon et à l'origan","# préparer un roux (environ 30 minutes)

*  Faites fondre la moitié du beurre dans un poêlon, jetez-y la farine en une fois et faites cuire ce roux, 2 mn, sans cesser de mélanger.
* Mouillez avec le lait et le vin blanc et faites épaissir, en mélangeant sans arrêt. Otez du feu, incorporez la crème fraîche et le jus de citron, salez et poivrez. 
* Nettoyez l'origan, ciselez-en l'équivalent de 1 c à s, ajoutez-le à la sauce, ainsi que 25 g de parmesan râpé et mélangez bien.

# préparer le plat

* Préchauffez le four à 180 °C. Huilez le fond et les parois d'un plat à lasagne.
* Coupez le saumon en dés de même taille, pas trop petits. * Versez un peu de sauce à l'origan au fond du plat, recouvrez de feuilles de lasagne, en les faisant légèrement se chevaucher, puis de dés de poisson et de sauce. Répétez l'opération jusqu'à épuisement des ingrédients et terminez par des feuilles de pâte.
* Faites fondre le reste du beurre et arrosez-en la lasagne. 
* Egouttez et émincez la mozzarella. Répartissez-la sur la lasagne, saupoudrez du reste de parmesan et 

# Cuisson 45minutes
* Faites cuire, 45 mn, au four à 180°C.
* Décorez de petits bouquets d'origan et servez sans attendre.","4","1h30","[  { ""M"" : {      ""nom"" : { ""S"" : ""beurre"" },      ""qty"" : { ""S"" : ""60g"" }    }  },  { ""M"" : {      ""nom"" : { ""S"" : ""farine"" },      ""qty"" : { ""S"" : ""30g"" }    }  },  { ""M"" : {      ""nom"" : { ""S"" : ""lait"" },      ""qty"" : { ""S"" : ""20cl"" }    }  },  { ""M"" : {      ""nom"" : { ""S"" : ""vin blanc"" },      ""qty"" : { ""S"" : ""10cl"" }    }  },  { ""M"" : {      ""nom"" : { ""S"" : ""crème fraîche"" },      ""qty"" : { ""S"" : ""20cl"" }    }  },  { ""M"" : {      ""nom"" : { ""S"" : ""jus de citron"" },      ""qty"" : { ""S"" : ""2 cuillères à soupe"" }    }  },  { ""M"" : {      ""nom"" : { ""S"" : ""origan"" },      ""qty"" : { ""S"" : ""1 bouquet"" }    }  },  { ""M"" : {      ""nom"" : { ""S"" : ""parmesan"" },      ""qty"" : { ""S"" : ""75g rapé"" }    }  },  { ""M"" : {      ""nom"" : { ""S"" : ""huile d'olive"" },      ""qty"" : { ""S"" : ""1 cuillère à soupe"" }    }  },  { ""M"" : {      ""nom"" : { ""S"" : ""Saumon"" },      ""qty"" : { ""S"" : ""750g filets"" }    }  },  { ""M"" : {      ""nom"" : { ""S"" : ""pates"" },      ""qty"" : { ""S"" : ""12 feuille de lasagnes"" }    }  },  { ""M"" : {      ""nom"" : { ""S"" : ""mozarella"" },      ""qty"" : { ""S"" : ""1 boule"" }    }  },  { ""M"" : {      ""nom"" : { ""S"" : ""sel"" },      ""qty"" : { ""S"" : ""1 pincée"" }    }  },  { ""M"" : {      ""nom"" : { ""S"" : ""poivre"" },      ""qty"" : { ""S"" : ""1 pincée"" }    }  }]"

,"recette","Poulet au curry et lait de coco","oignon
tomates pelee
pate à curry
cannelle
citron vert
poulet 
lait de coco
gingembre frais
huile
coriandre fraich

https://cuisine.journaldesfemmes.fr/recette/313926-curry-de-poulet-au-lait-de-coco
","4","60 min",

,"recette","Encornets","","1","",

,"recette","Bar aux petits légumes","
* Préparer le bar : le vider, l'écailler, couper la tête.
* Réserver le bar dans un plat allant au four (de préférence à bords assez haut et en terre cuite).
* Préparer les petits légumes : râper aux gros trous les carottes après les avoir pelées.
* Nettoyer le poireau et le couper en julienne (comme les carottes).
* Couper l'oignon finement, peler les champignons et les émincer.
* Faire revenir les petits légumes dans la poêle avec le crème fleurette pendant environ 10 min.
* Les disposer dans le plat avec le bar : autour et à l'intérieur du poisson.
* Arroser le tout de vin blanc, parsemer légèrement de thym, saler et poivrer.
* Enfourner thermostat 6-7, à 200°, environ 30 min.

https://www.marmiton.org/recettes/recette_bar-aux-petits-legumes_84943.aspx","4","45","[  { ""M"" : {      ""nom"" : { ""S"" : ""Bar"" },      ""qty"" : { ""S"" : ""800g"" }    }  },  { ""M"" : {      ""nom"" : { ""S"" : ""carottes"" },      ""qty"" : { ""S"" : ""3"" }    }  },  { ""M"" : {      ""nom"" : { ""S"" : ""poireau"" },      ""qty"" : { ""S"" : ""1"" }    }  },  { ""M"" : {      ""nom"" : { ""S"" : ""champignons"" },      ""qty"" : { ""S"" : ""500g"" }    }  },  { ""M"" : {      ""nom"" : { ""S"" : ""oignon"" },      ""qty"" : { ""S"" : ""1"" }    }  },  { ""M"" : {      ""nom"" : { ""S"" : ""crème fleurette"" },      ""qty"" : { ""S"" : ""10cl"" }    }  },  { ""M"" : {      ""nom"" : { ""S"" : ""vin  blanc"" },      ""qty"" : { ""S"" : ""12cl"" }    }  },  { ""M"" : {      ""nom"" : { ""S"" : ""thym"" },      ""qty"" : { ""S"" : ""1 branche"" }    }  },  { ""M"" : {      ""nom"" : { ""S"" : ""sel"" },      ""qty"" : { ""S"" : ""1 pincée"" }    }  }]"
